species,number_of_samples,mean_sepal_length,sd_sepal_length,mean_petal_length,sd_petal_length
setosa,50,5.006,0.3524896872134513,1.462,0.17366399648018407
versicolor,50,5.936,0.5161711470638634,4.26,0.46991097723995795
virginica,50,6.588,0.6358795932744321,5.552,0.5518946956639834
